{"cameraMode":{"drawMode":0,"name":"Shaded","section":"Shading Mode"},"sceneLighting":true,"audioPlay":false,"sceneViewState":{"m_AlwaysRefresh":false,"showFog":true,"showSkybox":true,"showFlares":true,"showImageEffects":true,"showParticleSystems":true,"showVisualEffectGraphs":true,"m_FxEnabled":true},"in2DMode":false,"pivot":{"x":61.02790069580078,"y":-0.9020623564720154,"z":11.55408000946045},"rotation":{"x":-0.02658647671341896,"y":-0.09462989866733551,"z":0.0025370854418724777,"w":-0.9952089786529541},"size":12.746537208557129,"orthographic":false}