{"cameraMode":{"drawMode":0,"name":"Shaded","section":"Shading Mode"},"sceneLighting":true,"audioPlay":false,"sceneViewState":{"m_AlwaysRefresh":false,"showFog":true,"showSkybox":true,"showFlares":true,"showImageEffects":true,"showParticleSystems":true,"showVisualEffectGraphs":true,"m_FxEnabled":true},"in2DMode":false,"pivot":{"x":42.99077606201172,"y":-1.300500750541687,"z":26.078086853027345},"rotation":{"x":0.21128731966018678,"y":-0.08170932531356812,"z":0.01765977405011654,"w":0.9740041494369507},"size":16.802417755126954,"orthographic":false}