{"cameraMode":{"drawMode":0,"name":"Shaded","section":"Shading Mode"},"sceneLighting":true,"audioPlay":false,"sceneViewState":{"m_AlwaysRefresh":false,"showFog":true,"showSkybox":true,"showFlares":true,"showImageEffects":true,"showParticleSystems":true,"showVisualEffectGraphs":true,"m_FxEnabled":true},"in2DMode":false,"pivot":{"x":-2.8084354400634767,"y":-9.843428611755371,"z":31.987003326416017},"rotation":{"x":0.1728280484676361,"y":-0.016565637663006784,"z":0.00284524355083704,"w":0.9848973751068115},"size":19.876394271850587,"orthographic":false}