{"cameraMode":{"drawMode":0,"name":"Shaded","section":"Shading Mode"},"sceneLighting":true,"audioPlay":false,"sceneViewState":{"m_AlwaysRefresh":false,"showFog":true,"showSkybox":true,"showFlares":true,"showImageEffects":true,"showParticleSystems":true,"showVisualEffectGraphs":true,"m_FxEnabled":true},"in2DMode":false,"pivot":{"x":-146.53463745117188,"y":-124.18708801269531,"z":792.9053955078125},"rotation":{"x":0.030279802158474923,"y":-0.04437971115112305,"z":0.0012975202407687903,"w":0.9986652135848999},"size":547.5874633789063,"orthographic":false}