{"cameraMode":{"drawMode":0,"name":"Shaded","section":"Shading Mode"},"sceneLighting":true,"audioPlay":false,"sceneViewState":{"m_AlwaysRefresh":false,"showFog":true,"showSkybox":true,"showFlares":true,"showImageEffects":true,"showParticleSystems":true,"showVisualEffectGraphs":true,"m_FxEnabled":true},"in2DMode":false,"pivot":{"x":145.40133666992188,"y":82.79570007324219,"z":11.276466369628907},"rotation":{"x":0.054287929087877277,"y":0.01199034322053194,"z":-0.0006723483093082905,"w":0.9986371397972107},"size":314.328369140625,"orthographic":false}