{"cameraMode":{"drawMode":0,"name":"Shaded","section":"Shading Mode"},"sceneLighting":true,"audioPlay":false,"sceneViewState":{"m_AlwaysRefresh":false,"showFog":true,"showSkybox":true,"showFlares":true,"showImageEffects":true,"showParticleSystems":true,"showVisualEffectGraphs":true,"m_FxEnabled":true},"in2DMode":false,"pivot":{"x":9.858987808227539,"y":0.3213452994823456,"z":2.2075798511505129},"rotation":{"x":-0.14174239337444306,"y":0.010962948203086853,"z":-0.0015666864346712828,"w":-0.9899738430976868},"size":5.118260383605957,"orthographic":false}