{"cameraMode":{"drawMode":0,"name":"Shaded","section":"Shading Mode"},"sceneLighting":true,"audioPlay":false,"sceneViewState":{"m_AlwaysRefresh":false,"showFog":true,"showSkybox":true,"showFlares":true,"showImageEffects":true,"showParticleSystems":true,"showVisualEffectGraphs":true,"m_FxEnabled":true},"in2DMode":false,"pivot":{"x":2.139530897140503,"y":2.7793750762939455,"z":17.40190887451172},"rotation":{"x":-0.0011903011472895742,"y":0.021930918097496034,"z":-0.00007176647341111675,"w":0.9999232292175293},"size":14.225163459777832,"orthographic":false}